{
  "feat": 128,
  "aux_weight": 0.20909498032426038,
  "p_drop": 0.17336180394137352,
  "lr": 0.0013968843144319682,
  "weight_decay": 0.0010349154179321335,
  "label_smooth": 0.04319450186421158,
  "loss": "focal",
  "focal_gamma": 1.2789877213040837
}