{
  "pipeline": "two-stream",
  "created": "2026-06-19T08:44:12+00:00",
  "working_size": 128,
  "normalization": "dataset",
  "dataset": {
    "in_distribution": "ai-real-images",
    "ood": "tiny-genimage"
  },
  "threshold_default": 0.5,
  "threshold_tuned": 0.484375,
  "in_distribution": {
    "at_0.5": {
      "threshold": 0.5,
      "n": 11963,
      "n_fake": 5977,
      "n_real": 5986,
      "accuracy": 0.8976845272924852,
      "f1_macro": 0.8976807173098031,
      "precision": 0.9019110434635549,
      "recall": 0.8922536389493056,
      "auc_roc": 0.9609440040256779,
      "pr_auc": 0.9604304806274453,
      "mcc": 0.7954128241402485,
      "brier": 0.08620341957466118,
      "confusion_matrix": [
        [
          5406,
          580
        ],
        [
          644,
          5333
        ]
      ]
    },
    "at_tuned": {
      "threshold": 0.484375,
      "n": 11963,
      "n_fake": 5977,
      "n_real": 5986,
      "accuracy": 0.898186073727326,
      "f1_macro": 0.8981856973839664,
      "precision": 0.8959893493093692,
      "recall": 0.9007863476660533,
      "auc_roc": 0.9609440040256779,
      "pr_auc": 0.9604304806274453,
      "mcc": 0.7963842482861709,
      "brier": 0.08620341957466118,
      "confusion_matrix": [
        [
          5361,
          625
        ],
        [
          593,
          5384
        ]
      ]
    }
  },
  "ood": {
    "overall_accuracy": 0.5264015086576376,
    "per_generator": {
      "adm": {
        "accuracy": 0.5484,
        "n": 5000
      },
      "biggan": {
        "accuracy": 0.4018,
        "n": 5000
      },
      "glide": {
        "accuracy": 0.5334,
        "n": 5000
      },
      "midjourney": {
        "accuracy": 0.6703340668133627,
        "n": 4999
      },
      "sdv5": {
        "accuracy": 0.5461092218443688,
        "n": 4999
      },
      "vqdm": {
        "accuracy": 0.3776,
        "n": 5000
      },
      "wukong": {
        "accuracy": 0.6072,
        "n": 5000
      }
    },
    "preview": true
  },
  "tuning": {
    "tuned": true,
    "search_space": {
      "feat": {
        "type": "categorical",
        "choices": [
          128,
          256,
          384
        ]
      },
      "aux_weight": {
        "type": "float",
        "low": 0.1,
        "high": 0.7
      },
      "p_drop": {
        "type": "float",
        "low": 0.1,
        "high": 0.5
      },
      "lr": {
        "type": "loguniform",
        "low": 0.001,
        "high": 0.003
      },
      "weight_decay": {
        "type": "loguniform",
        "low": 0.0005,
        "high": 0.002
      },
      "label_smooth": {
        "type": "float",
        "low": 0.0,
        "high": 0.1
      },
      "loss": {
        "type": "categorical",
        "choices": [
          "bce",
          "focal"
        ]
      }
    },
    "n_trials": 20,
    "best_val_auc": 0.9320919235815421,
    "best_params": {
      "feat": 128,
      "aux_weight": 0.20909498032426038,
      "p_drop": 0.17336180394137352,
      "lr": 0.0013968843144319682,
      "weight_decay": 0.0010349154179321335,
      "label_smooth": 0.04319450186421158,
      "loss": "focal",
      "focal_gamma": 1.2789877213040837
    }
  },
  "components": {
    "spatial": {
      "threshold": 0.5,
      "n": 11963,
      "n_fake": 5977,
      "n_real": 5986,
      "accuracy": 0.8936721558137591,
      "f1_macro": 0.8936573829271672,
      "precision": 0.9024807527801539,
      "recall": 0.882549774134181,
      "auc_roc": 0.9596081252776472,
      "pr_auc": 0.9594384970476794,
      "mcc": 0.7875324541598077,
      "brier": 0.087621758095945,
      "confusion_matrix": [
        [
          5416,
          570
        ],
        [
          702,
          5275
        ]
      ]
    },
    "frequency": {
      "threshold": 0.5,
      "n": 11963,
      "n_fake": 5977,
      "n_real": 5986,
      "accuracy": 0.7015798712697484,
      "f1_macro": 0.6990492422096377,
      "precision": 0.6699138783001553,
      "recall": 0.7938765266856282,
      "auc_roc": 0.7673383340895641,
      "pr_auc": 0.7385344287910214,
      "mcc": 0.41031563990272724,
      "brier": 0.20377038757615012,
      "confusion_matrix": [
        [
          3648,
          2338
        ],
        [
          1232,
          4745
        ]
      ]
    }
  },
  "figures": {
    "training_curves": "figures/training_curves.png",
    "confusion": "figures/confusion.png",
    "roc_pr": "figures/roc_pr.png",
    "reliability": "figures/reliability.png",
    "ood_per_generator": "figures/ood_per_generator.png",
    "gradcam": "figures/gradcam.png"
  }
}