{
  "study": "two-stream",
  "direction": "maximize",
  "metric": "val_auc",
  "sampler": "TPESampler",
  "pruner": "MedianPruner",
  "n_trials": 20,
  "n_complete": 5,
  "n_pruned": 15,
  "best_trial": 1,
  "best_value": 0.9320919235815421,
  "best_params": {
    "feat": 128,
    "aux_weight": 0.20909498032426038,
    "p_drop": 0.17336180394137352,
    "lr": 0.0013968843144319682,
    "weight_decay": 0.0010349154179321335,
    "label_smooth": 0.04319450186421158,
    "loss": "focal",
    "focal_gamma": 1.2789877213040837
  },
  "search_space": {
    "feat": {
      "type": "categorical",
      "choices": [
        128,
        256,
        384
      ]
    },
    "aux_weight": {
      "type": "float",
      "low": 0.1,
      "high": 0.7
    },
    "p_drop": {
      "type": "float",
      "low": 0.1,
      "high": 0.5
    },
    "lr": {
      "type": "loguniform",
      "low": 0.001,
      "high": 0.003
    },
    "weight_decay": {
      "type": "loguniform",
      "low": 0.0005,
      "high": 0.002
    },
    "label_smooth": {
      "type": "float",
      "low": 0.0,
      "high": 0.1
    },
    "loss": {
      "type": "categorical",
      "choices": [
        "bce",
        "focal"
      ]
    }
  },
  "trials": [
    {
      "number": 0,
      "state": "COMPLETE",
      "value": 0.9267858797675312,
      "params": {
        "feat": 256,
        "aux_weight": 0.45919509051822194,
        "p_drop": 0.1624074561769746,
        "lr": 0.00118693873027787,
        "weight_decay": 0.0005419257949847529,
        "label_smooth": 0.08661761457749352,
        "loss": "focal",
        "focal_gamma": 1.041168988591605
      },
      "intermediate": {
        "0": 0.8115790065934922,
        "1": 0.8398754392235801,
        "2": 0.8694904135512538,
        "3": 0.8864042229566131,
        "4": 0.8967932585146491,
        "5": 0.9082371971073082,
        "6": 0.9160413195903296,
        "7": 0.9201909938872758,
        "8": 0.924767088697557,
        "9": 0.9267858797675312
      },
      "duration_s": 569.691431
    },
    {
      "number": 1,
      "state": "COMPLETE",
      "value": 0.9320919235815421,
      "params": {
        "feat": 128,
        "aux_weight": 0.20909498032426038,
        "p_drop": 0.17336180394137352,
        "lr": 0.0013968843144319682,
        "weight_decay": 0.0010349154179321335,
        "label_smooth": 0.04319450186421158,
        "loss": "focal",
        "focal_gamma": 1.2789877213040837
      },
      "intermediate": {
        "0": 0.8055966647226908,
        "1": 0.8471111752135412,
        "2": 0.8763600863431863,
        "3": 0.8931958580075432,
        "4": 0.9042847074595023,
        "5": 0.9128537914148731,
        "6": 0.9182652210175146,
        "7": 0.9278498407542347,
        "8": 0.9312430018610607,
        "9": 0.9320919235815421
      },
      "duration_s": 543.848709
    },
    {
      "number": 2,
      "state": "COMPLETE",
      "value": 0.9286329181307453,
      "params": {
        "feat": 384,
        "aux_weight": 0.5711055768358081,
        "p_drop": 0.1798695128633439,
        "lr": 0.0017593497372306317,
        "weight_decay": 0.0011366823448993512,
        "label_smooth": 0.0046450412719997725,
        "loss": "bce"
      },
      "intermediate": {
        "0": 0.7949062780665871,
        "1": 0.8377945489244378,
        "2": 0.8652350050829045,
        "3": 0.8842710752416209,
        "4": 0.900664923359274,
        "5": 0.9092715455583635,
        "6": 0.9179597764218721,
        "7": 0.9244640827813209,
        "8": 0.9277143198557974,
        "9": 0.9286329181307453
      },
      "duration_s": 544.677181
    },
    {
      "number": 3,
      "state": "COMPLETE",
      "value": 0.9291322377391908,
      "params": {
        "feat": 384,
        "aux_weight": 0.5850384088698767,
        "p_drop": 0.2218455076693483,
        "lr": 0.001113272398245259,
        "weight_decay": 0.0012909794654157743,
        "label_smooth": 0.04401524937396013,
        "loss": "focal",
        "focal_gamma": 1.0687770422304368
      },
      "intermediate": {
        "0": 0.8222670416658828,
        "1": 0.8437352590539456,
        "2": 0.8704678885147258,
        "3": 0.8975972388574995,
        "4": 0.902801206519217,
        "5": 0.9107520852450838,
        "6": 0.9165850580022477,
        "7": 0.9262666152453694,
        "8": 0.9280194160686677,
        "9": 0.9291322377391908
      },
      "duration_s": 545.386618
    },
    {
      "number": 4,
      "state": "COMPLETE",
      "value": 0.9284386076394768,
      "params": {
        "feat": 128,
        "aux_weight": 0.28702664565364655,
        "p_drop": 0.3080272084711243,
        "lr": 0.0018232536617196035,
        "weight_decay": 0.0006460460510811173,
        "label_smooth": 0.09695846277645587,
        "loss": "focal",
        "focal_gamma": 2.789654700855298
      },
      "intermediate": {
        "0": 0.7988948253313295,
        "1": 0.8115635906558167,
        "2": 0.8519340992180201,
        "3": 0.8835227490466505,
        "4": 0.8891394631978891,
        "5": 0.9068530723528309,
        "6": 0.9183571069737173,
        "7": 0.9199743868985781,
        "8": 0.9262082611310036,
        "9": 0.9284386076394768
      },
      "duration_s": 545.306709
    },
    {
      "number": 5,
      "state": "PRUNED",
      "value": 0.8576155254692193,
      "params": {
        "feat": 256,
        "aux_weight": 0.2175897174514871,
        "p_drop": 0.11809091556421523,
        "lr": 0.0014296246099036256,
        "weight_decay": 0.0008569925568298945,
        "label_smooth": 0.02713490317738959,
        "loss": "bce"
      },
      "intermediate": {
        "0": 0.8100007455391329,
        "1": 0.8428969630080204,
        "2": 0.8576155254692193
      },
      "duration_s": 163.273735
    },
    {
      "number": 6,
      "state": "PRUNED",
      "value": 0.8651549641409613,
      "params": {
        "feat": 256,
        "aux_weight": 0.5813181884524238,
        "p_drop": 0.12982025747190834,
        "lr": 0.0029570912993906622,
        "weight_decay": 0.0014585041978530152,
        "label_smooth": 0.019871568153417243,
        "loss": "focal",
        "focal_gamma": 2.4137146876952342
      },
      "intermediate": {
        "0": 0.7854577018024628,
        "1": 0.8330939072730478,
        "2": 0.8651549641409613
      },
      "duration_s": 163.424099
    },
    {
      "number": 7,
      "state": "PRUNED",
      "value": 0.8807218386527897,
      "params": {
        "feat": 256,
        "aux_weight": 0.31507943712656356,
        "p_drop": 0.1463476238100519,
        "lr": 0.0025811009431339653,
        "weight_decay": 0.0011864047291375703,
        "label_smooth": 0.03308980248526492,
        "loss": "focal",
        "focal_gamma": 1.650366644053494
      },
      "intermediate": {
        "0": 0.7975393550598766,
        "1": 0.8327986528734959,
        "2": 0.8732981501571554,
        "3": 0.8807218386527897
      },
      "duration_s": 218.315721
    },
    {
      "number": 8,
      "state": "PRUNED",
      "value": 0.8946102049675202,
      "params": {
        "feat": 384,
        "aux_weight": 0.3833289550971696,
        "p_drop": 0.14783769837532068,
        "lr": 0.0021892948114538143,
        "weight_decay": 0.0014355166831664403,
        "label_smooth": 0.05612771975694963,
        "loss": "bce"
      },
      "intermediate": {
        "0": 0.8051435929272723,
        "1": 0.8389050190112478,
        "2": 0.8866215267108555,
        "3": 0.8942416159943924,
        "4": 0.8946102049675202
      },
      "duration_s": 272.892493
    },
    {
      "number": 9,
      "state": "PRUNED",
      "value": 0.8979336024241866,
      "params": {
        "feat": 128,
        "aux_weight": 0.16473485619598266,
        "p_drop": 0.11257167427469371,
        "lr": 0.002012078562514776,
        "weight_decay": 0.0007730919722069861,
        "label_smooth": 0.05085706911647028,
        "loss": "bce"
      },
      "intermediate": {
        "0": 0.7977093658527747,