{
  "feat": 256,
  "n_radial": 48,
  "aux_weight": 0.18982139217818184,
  "p_drop": 0.2298684531401668,
  "lr": 0.0018965144817604614,
  "weight_decay": 0.001519840167588074,
  "label_smooth": 0.061953394313359916,
  "loss": "bce"
}