{
  "study": "freqcross",
  "direction": "maximize",
  "metric": "val_auc",
  "sampler": "TPESampler",
  "pruner": "MedianPruner",
  "n_trials": 20,
  "n_complete": 7,
  "n_pruned": 13,
  "best_trial": 11,
  "best_value": 0.9338108441802309,
  "best_params": {
    "feat": 256,
    "n_radial": 48,
    "aux_weight": 0.18982139217818184,
    "p_drop": 0.2298684531401668,
    "lr": 0.0018965144817604614,
    "weight_decay": 0.001519840167588074,
    "label_smooth": 0.061953394313359916,
    "loss": "bce"
  },
  "search_space": {
    "feat": {
      "type": "categorical",
      "choices": [
        128,
        256,
        384
      ]
    },
    "n_radial": {
      "type": "categorical",
      "choices": [
        48,
        64,
        96
      ]
    },
    "aux_weight": {
      "type": "float",
      "low": 0.1,
      "high": 0.7
    },
    "p_drop": {
      "type": "float",
      "low": 0.1,
      "high": 0.5
    },
    "lr": {
      "type": "loguniform",
      "low": 0.001,
      "high": 0.003
    },
    "weight_decay": {
      "type": "loguniform",
      "low": 0.0005,
      "high": 0.002
    },
    "label_smooth": {
      "type": "float",
      "low": 0.0,
      "high": 0.1
    },
    "loss": {
      "type": "categorical",
      "choices": [
        "bce",
        "focal"
      ]
    }
  },
  "trials": [
    {
      "number": 0,
      "state": "COMPLETE",
      "value": 0.9307859236637605,
      "params": {
        "feat": 256,
        "n_radial": 48,
        "aux_weight": 0.13485016730091967,
        "p_drop": 0.4464704583099741,
        "lr": 0.0019355515774429448,
        "weight_decay": 0.0013343574182140066,
        "label_smooth": 0.0020584494295802446,
        "loss": "bce"
      },
      "intermediate": {
        "0": 0.7978828604733964,
        "1": 0.8441220510269279,
        "2": 0.8545336443694724,
        "3": 0.8690993538893104,
        "4": 0.9005880178622814,
        "5": 0.9098769477209844,
        "6": 0.918258340457761,
        "7": 0.9248643745867309,
        "8": 0.9293606026464549,
        "9": 0.9307859236637605
      },
      "duration_s": 579.900905
    },
    {
      "number": 1,
      "state": "COMPLETE",
      "value": 0.9294197406220583,
      "params": {
        "feat": 128,
        "n_radial": 64,
        "aux_weight": 0.27473748411882515,
        "p_drop": 0.34474115788895177,
        "lr": 0.0011656159613778745,
        "weight_decay": 0.0007496501097315302,
        "label_smooth": 0.03663618432936917,
        "loss": "focal",
        "focal_gamma": 1.3993475643167195
      },
      "intermediate": {
        "0": 0.8206931353961773,
        "1": 0.838498630507322,
        "2": 0.8630498612391418,
        "3": 0.8235213938376662,
        "4": 0.9018296540628747,
        "5": 0.9075360767779889,
        "6": 0.9172370563606681,
        "7": 0.926195022585655,
        "8": 0.9294197406220583,
        "9": 0.9293454479958584
      },
      "duration_s": 561.754136
    },
    {
      "number": 2,
      "state": "COMPLETE",
      "value": 0.9287440522351192,
      "params": {
        "feat": 256,
        "n_radial": 48,
        "aux_weight": 0.6693313223519999,
        "p_drop": 0.4862528132298237,
        "lr": 0.002430544389268698,
        "weight_decay": 0.0007627211116577326,
        "label_smooth": 0.009767211400638388,
        "loss": "bce"
      },
      "intermediate": {
        "0": 0.8074839412961095,
        "1": 0.8342386059672395,
        "2": 0.8347330482168724,
        "3": 0.8928368495606545,
        "4": 0.9012758996462521,
        "5": 0.9105343460123758,
        "6": 0.9147374099691821,
        "7": 0.9232150434468156,
        "8": 0.9272994830696424,
        "9": 0.9287440522351192
      },
      "duration_s": 554.552508
    },
    {
      "number": 3,
      "state": "COMPLETE",
      "value": 0.9327911278056137,
      "params": {
        "feat": 256,
        "n_radial": 48,
        "aux_weight": 0.28702664565364655,
        "p_drop": 0.3080272084711243,
        "lr": 0.0018232536617196035,
        "weight_decay": 0.0006460460510811173,
        "label_smooth": 0.09695846277645587,
        "loss": "focal",
        "focal_gamma": 2.789654700855298
      },
      "intermediate": {
        "0": 0.803644327666539,
        "1": 0.8486958813491889,
        "2": 0.8473764686946724,
        "3": 0.8968546609782728,
        "4": 0.9064406742460822,
        "5": 0.9136558556524756,
        "6": 0.9165985578346756,
        "7": 0.9261833517627819,
        "8": 0.9309756180832955,
        "9": 0.9327911278056137
      },
      "duration_s": 560.989275
    },
    {
      "number": 4,
      "state": "COMPLETE",
      "value": 0.92945510147345,
      "params": {
        "feat": 256,
        "n_radial": 96,
        "aux_weight": 0.3332063738136892,
        "p_drop": 0.20853961270955837,
        "lr": 0.0024854685961095023,
        "weight_decay": 0.0008198924913296289,
        "label_smooth": 0.02809345096873808,
        "loss": "bce"
      },
      "intermediate": {
        "0": 0.8213145631663256,
        "1": 0.8576391284020449,
        "2": 0.8571098478751786,
        "3": 0.8780186496265685,
        "4": 0.9094236146384868,
        "5": 0.9059390901496165,
        "6": 0.9138933656075133,
        "7": 0.9258584848275819,
        "8": 0.9266918164190014,
        "9": 0.92945510147345
      },
      "duration_s": 553.395854
    },
    {
      "number": 5,
      "state": "PRUNED",
      "value": 0.9128004888507062,
      "params": {
        "feat": 384,
        "n_radial": 48,
        "aux_weight": 0.5892768570729005,
        "p_drop": 0.38274293753904687,
        "lr": 0.0022275364265477338,
        "weight_decay": 0.0014565353271548795,
        "label_smooth": 0.007404465173409036,
        "loss": "bce"
      },
      "intermediate": {
        "0": 0.8062831529755721,
        "1": 0.8469645060663893,
        "2": 0.8818865693563906,
        "3": 0.889894757048306,
        "4": 0.9089040888292457,
        "5": 0.9148129219350851,
        "6": 0.9128004888507062
      },
      "duration_s": 388.264355
    },
    {
      "number": 6,
      "state": "PRUNED",
      "value": 0.8493691310567216,
      "params": {
        "feat": 128,
        "n_radial": 96,
        "aux_weight": 0.5377637070028385,
        "p_drop": 0.35502298854208525,
        "lr": 0.002650379458561871,
        "weight_decay": 0.0009622141032087567,
        "label_smooth": 0.01195942459383017,
        "loss": "focal",
        "focal_gamma": 2.1225543951389927
      },
      "intermediate": {
        "0": 0.7478205173762875,
        "1": 0.8290874182955303,
        "2": 0.8493691310567216
      },
      "duration_s": 168.519954
    },
    {
      "number": 7,
      "state": "PRUNED",
      "value": 0.8490373835617679,
      "params": {
        "feat": 128,
        "n_radial": 48,
        "aux_weight": 0.11885751141204055,
        "p_drop": 0.3545641645055122,
        "lr": 0.0014124917507250814,
        "weight_decay": 0.0010119523662479306,
        "label_smooth": 0.0907566473926093,
        "loss": "focal",
        "focal_gamma": 2.5111022770860973
      },
      "intermediate": {
        "0": 0.7948974814015857,
        "1": 0.8160795023421773,
        "2": 0.8490373835617679
      },
      "duration_s": 168.268981
    },
    {
      "number": 8,
      "state": "PRUNED",
      "value": 0.9017470002501388,
      "params": {
        "feat": 384,
        "n_radial": 64,
        "aux_weight": 0.4800422539062541,
        "p_drop": 0.44858423607508713,
        "lr": 0.002417959541270006,
        "weight_decay": 0.0006475843912188624,
        "label_smooth": 0.08925589984899779,
        "loss": "focal",
        "focal_gamma": 2.7921825998469867
      },
      "intermediate": {
        "0": 0.7699631167158932,
        "1": 0.8531347133471712,
        "2": 0.881200777869054,
        "3": 0.877648405835272,
        "4": 0.9017470002501388
      },
      "duration_s": 281.122072
    },
    {
      "number": 9,
      "state": "PRUNED",