{
  "feat": 128,
  "bayar_ch": 6,
  "p_drop": 0.345207821056262,
  "lr": 0.0013737630283266352,
  "weight_decay": 0.0010237589162286939,
  "label_smooth": 0.025061205134484225,
  "loss": "bce"
}