{
  "study": "srm-noise",
  "direction": "maximize",
  "metric": "val_auc",
  "sampler": "TPESampler",
  "pruner": "MedianPruner",
  "n_trials": 24,
  "n_complete": 11,
  "n_pruned": 13,
  "best_trial": 21,
  "best_value": 0.9324268065214468,
  "best_params": {
    "feat": 128,
    "bayar_ch": 6,
    "p_drop": 0.345207821056262,
    "lr": 0.0013737630283266352,
    "weight_decay": 0.0010237589162286939,
    "label_smooth": 0.025061205134484225,
    "loss": "bce"
  },
  "search_space": {
    "feat": {
      "type": "categorical",
      "choices": [
        128,
        256,
        384
      ]
    },
    "bayar_ch": {
      "type": "categorical",
      "choices": [
        3,
        6
      ]
    },
    "p_drop": {
      "type": "float",
      "low": 0.1,
      "high": 0.5
    },
    "lr": {
      "type": "loguniform",
      "low": 0.001,
      "high": 0.003
    },
    "weight_decay": {
      "type": "loguniform",
      "low": 0.0005,
      "high": 0.002
    },
    "label_smooth": {
      "type": "float",
      "low": 0.0,
      "high": 0.1
    },
    "loss": {
      "type": "categorical",
      "choices": [
        "bce",
        "focal"
      ]
    }
  },
  "trials": [
    {
      "number": 0,
      "state": "COMPLETE",
      "value": 0.9238877705801896,
      "params": {
        "feat": 256,
        "bayar_ch": 3,
        "p_drop": 0.16239780813448107,
        "lr": 0.001065891320822287,
        "weight_decay": 0.0016613456824808538,
        "label_smooth": 0.06011150117432088,
        "loss": "bce"
      },
      "intermediate": {
        "0": 0.8608516530414165,
        "1": 0.8842988587677143,
        "2": 0.8864609222528101,
        "3": 0.8989799700808876,
        "4": 0.8967140014339434,
        "5": 0.8917113990146341,
        "6": 0.9140594570942229,
        "7": 0.9225283810025482,
        "8": 0.9220981282787173,
        "9": 0.9238877705801896
      },
      "duration_s": 342.669173
    },
    {
      "number": 1,
      "state": "COMPLETE",
      "value": 0.9292237753126212,
      "params": {
        "feat": 128,
        "bayar_ch": 6,
        "p_drop": 0.2216968971838151,
        "lr": 0.0017798051007506851,
        "weight_decay": 0.000909969463249876,
        "label_smooth": 0.029122914019804193,
        "loss": "bce"
      },
      "intermediate": {
        "0": 0.7854037895684443,
        "1": 0.8630577869472125,
        "2": 0.880910487924008,
        "3": 0.909296106543813,
        "4": 0.9100219620499679,
        "5": 0.917235837020965,
        "6": 0.9195902948920814,
        "7": 0.9240774649997249,
        "8": 0.9279879745234647,
        "9": 0.9292237753126212
      },
      "duration_s": 327.236189
    },
    {
      "number": 2,
      "state": "COMPLETE",
      "value": 0.918890045519693,
      "params": {
        "feat": 384,
        "bayar_ch": 3,
        "p_drop": 0.3056937753654446,
        "lr": 0.0019171389132957893,
        "weight_decay": 0.0005332562317538382,
        "label_smooth": 0.06075448519014384,
        "loss": "bce"
      },
      "intermediate": {
        "0": 0.8335675336520338,
        "1": 0.8759738169443625,
        "2": 0.8841352059604112,
        "3": 0.8956762562508578,
        "4": 0.903660144244403,
        "5": 0.8945671796951372,
        "6": 0.9093696153087751,
        "7": 0.9100308458106623,
        "8": 0.9185495013597379,
        "9": 0.918890045519693
      },
      "duration_s": 314.945981
    },
    {
      "number": 3,
      "state": "COMPLETE",
      "value": 0.9203036086184324,
      "params": {
        "feat": 256,
        "bayar_ch": 3,
        "p_drop": 0.3736932106048628,
        "lr": 0.0016218329147356769,
        "weight_decay": 0.0005921671927688254,
        "label_smooth": 0.04951769101112702,
        "loss": "focal",
        "focal_gamma": 1.5175599632000338
      },
      "intermediate": {
        "0": 0.8352495256768553,
        "1": 0.8730373856520646,
        "2": 0.8674607355196442,
        "3": 0.8897304074754582,
        "4": 0.9014401621234068,
        "5": 0.9018576117803544,
        "6": 0.9098887927352437,
        "7": 0.9149094239630212,
        "8": 0.918462579858041,
        "9": 0.9203036086184324
      },
      "duration_s": 315.656347
    },
    {
      "number": 4,
      "state": "COMPLETE",
      "value": 0.9210402639905296,
      "params": {
        "feat": 128,
        "bayar_ch": 3,
        "p_drop": 0.48783385110582345,
        "lr": 0.002343324025491368,
        "weight_decay": 0.0018390973937871162,
        "label_smooth": 0.08948273504276488,
        "loss": "focal",
        "focal_gamma": 1.176985004103839
      },
      "intermediate": {
        "0": 0.8526845157096243,
        "1": 0.8799884929170299,
        "2": 0.8644082056684664,
        "3": 0.8932729376959218,
        "4": 0.8891025346240218,
        "5": 0.9012205938811444,
        "6": 0.9085144226983918,
        "7": 0.9172785139105757,
        "8": 0.9203122310920475,
        "9": 0.9210402639905296
      },
      "duration_s": 315.21504
    },
    {
      "number": 5,
      "state": "PRUNED",
      "value": 0.8783116395381002,
      "params": {
        "feat": 384,
        "bayar_ch": 3,
        "p_drop": 0.43149500366077176,
        "lr": 0.001479839430121115,
        "weight_decay": 0.0007380901894391266,
        "label_smooth": 0.05426960831582485,
        "loss": "focal",
        "focal_gamma": 1.1491012873595416
      },
      "intermediate": {
        "0": 0.8335086569635096,
        "1": 0.8756522596454995,
        "2": 0.8783116395381002
      },
      "duration_s": 94.843554
    },
    {
      "number": 6,
      "state": "COMPLETE",
      "value": 0.9270304444737085,
      "params": {
        "feat": 128,
        "bayar_ch": 6,
        "p_drop": 0.38274293753904687,
        "lr": 0.0022275364265477338,
        "weight_decay": 0.0014565353271548795,
        "label_smooth": 0.007404465173409036,
        "loss": "bce"
      },
      "intermediate": {
        "0": 0.8614593196920575,
        "1": 0.8855349208439502,
        "2": 0.8994839928567596,
        "3": 0.8946665558809451,
        "4": 0.9030222553882622,
        "5": 0.9135789501554833,
        "6": 0.9144687197560206,
        "7": 0.9224304854435228,
        "8": 0.9265089154635268,
        "9": 0.9270304444737085
      },
      "duration_s": 325.866001
    },
    {
      "number": 7,
      "state": "PRUNED",
      "value": 0.8717786786956271,
      "params": {
        "feat": 128,
        "bayar_ch": 6,
        "p_drop": 0.23007332881069884,
        "lr": 0.0022290028063275714,
        "weight_decay": 0.0012100904959697323,
        "label_smooth": 0.08872127425763265,
        "loss": "bce"
      },
      "intermediate": {
        "0": 0.8473693268478397,
        "1": 0.8629864555745772,
        "2": 0.8717786786956271
      },
      "duration_s": 98.093971
    },
    {
      "number": 8,
      "state": "PRUNED",
      "value": 0.8882053618895724,
      "params": {
        "feat": 256,
        "bayar_ch": 3,
        "p_drop": 0.3090931317527976,
        "lr": 0.0015995171727575623,
        "weight_decay": 0.0005179333108777706,
        "label_smooth": 0.010789142699330446,
        "loss": "focal",
        "focal_gamma": 1.6287119621526533
      },
      "intermediate": {
        "0": 0.8451880152145724,
        "1": 0.873855040018729,
        "2": 0.8921831963840656,
        "3": 0.8882053618895724
      },
      "duration_s": 127.189596
    },
    {
      "number": 9,
      "state": "COMPLETE",
      "value": 0.9252772952676381,
      "params": {
        "feat": 256,
        "bayar_ch": 6,
        "p_drop": 0.191519266196649,
        "lr": 0.0010882501887767913,
        "weight_decay": 0.0007471671364818216,
        "label_smooth": 0.016122128725400444,
        "loss": "bce"
      },
      "intermediate": {
        "0": 0.8482944572997687,
        "1": 0.8760015133747631,
        "2": 0.887529238024168,
        "3": 0.895619905337433,
        "4": 0.9145214126503358,
        "5": 0.909973885227386,