{
  "pipeline": "cnn-scratch",
  "created": "2026-06-18T00:47:24+00:00",
  "working_size": 128,
  "normalization": "dataset",
  "dataset": {
    "in_distribution": "ai-real-images",
    "ood": "tiny-genimage"
  },
  "threshold_default": 0.5,
  "threshold_tuned": 0.45580896735191345,
  "in_distribution": {
    "at_0.5": {
      "threshold": 0.5,
      "n": 11963,
      "n_fake": 5977,
      "n_real": 5986,
      "accuracy": 0.8959291147705425,
      "f1_macro": 0.8958821780975762,
      "precision": 0.9127704117236567,
      "recall": 0.8753555295298645,
      "auc_roc": 0.9604403051657928,
      "pr_auc": 0.9622571461889855,
      "mcc": 0.7925168176603686,
      "brier": 0.07828309867610965,
      "confusion_matrix": [
        [
          5486,
          500
        ],
        [
          745,
          5232
        ]
      ]
    },
    "at_tuned": {
      "threshold": 0.45580896735191345,
      "n": 11963,
      "n_fake": 5977,
      "n_real": 5986,
      "accuracy": 0.896012705843016,
      "f1_macro": 0.8960114844009107,
      "precision": 0.8980656013456686,
      "recall": 0.893257487033629,
      "auc_roc": 0.9604403051657928,
      "pr_auc": 0.9622571461889855,
      "mcc": 0.7920357914002364,
      "brier": 0.07828309867610965,
      "confusion_matrix": [
        [
          5380,
          606
        ],
        [
          638,
          5339
        ]
      ]
    }
  },
  "ood": {
    "overall_accuracy": 0.5475455740328019,
    "per_generator": {
      "adm": {
        "accuracy": 0.5504,
        "n": 5000
      },
      "biggan": {
        "accuracy": 0.4824,
        "n": 5000
      },
      "glide": {
        "accuracy": 0.5638,
        "n": 5000
      },
      "midjourney": {
        "accuracy": 0.6517303460692139,
        "n": 4999
      },
      "sdv5": {
        "accuracy": 0.5557111422284456,
        "n": 4999
      },
      "vqdm": {
        "accuracy": 0.3998,
        "n": 5000
      },
      "wukong": {
        "accuracy": 0.629,
        "n": 5000
      }
    },
    "preview": true
  },
  "train_history": {
    "epochs": 30,
    "best_epoch": 30,
    "best_val_auc": 0.9569691534925721
  },
  "figures": {
    "training_curves": "figures/training_curves.png",
    "confusion": "figures/confusion.png",
    "roc_pr": "figures/roc_pr.png",
    "reliability": "figures/reliability.png",
    "ood_per_generator": "figures/ood_per_generator.png",
    "gradcam": "figures/gradcam.png"
  }
}