{
  "study": "cnn-finetune",
  "direction": "maximize",
  "metric": "val_auc",
  "sampler": "TPESampler",
  "pruner": "MedianPruner",
  "n_trials": 12,
  "n_complete": 7,
  "n_pruned": 5,
  "best_trial": 10,
  "best_value": 0.9921780228998964,
  "best_params": {
    "backbone": "efficientnet_b0",
    "p_drop": 0.4730073038926608,
    "head_lr": 0.0014316113516618027,
    "disc_decay": 0.3336613993697719,
    "weight_decay": 1.0692354501518688e-05,
    "label_smooth": 0.060089817896396655,
    "loss": "focal",
    "focal_gamma": 2.9407547475576137
  },
  "search_space": {
    "backbone": {
      "type": "categorical",
      "choices": [
        "efficientnet_b0",
        "resnet50"
      ]
    },
    "p_drop": {
      "type": "float",
      "low": 0.1,
      "high": 0.5
    },
    "head_lr": {
      "type": "loguniform",
      "low": 0.0003,
      "high": 0.003
    },
    "disc_decay": {
      "type": "float",
      "low": 0.2,
      "high": 0.5
    },
    "weight_decay": {
      "type": "loguniform",
      "low": 1e-05,
      "high": 0.001
    },
    "label_smooth": {
      "type": "float",
      "low": 0.0,
      "high": 0.1
    },
    "loss": {
      "type": "categorical",
      "choices": [
        "bce",
        "focal"
      ]
    }
  },
  "trials": [
    {
      "number": 0,
      "state": "COMPLETE",
      "value": 0.9881453181187609,
      "params": {
        "backbone": "resnet50",
        "p_drop": 0.39279757672456206,
        "head_lr": 0.0011906379991333106,
        "disc_decay": 0.24680559213273096,
        "weight_decay": 2.0511104188433963e-05,
        "label_smooth": 0.005808361216819946,
        "loss": "bce"
      },
      "intermediate": {
        "0": 0.9723951071729923,
        "1": 0.9833622839417141,
        "2": 0.9859299520694982,
        "3": 0.9873123349101138,
        "4": 0.9881453181187609,
        "5": 0.98729160613516,
        "6": 0.9878556378435663,
        "7": 0.9874426300669661
      },
      "duration_s": 971.916359
    },
    {
      "number": 1,
      "state": "COMPLETE",
      "value": 0.9917661473673063,
      "params": {
        "backbone": "efficientnet_b0",
        "p_drop": 0.4879639408647978,
        "head_lr": 0.0020396887264773375,
        "disc_decay": 0.26370173320348284,
        "weight_decay": 2.3102018878452926e-05,
        "label_smooth": 0.01834045098534338,
        "loss": "focal",
        "focal_gamma": 1.8638900372842315
      },
      "intermediate": {
        "0": 0.96484887503719,
        "1": 0.9785489404634744,
        "2": 0.9891860245554114,
        "3": 0.9896783765084104,
        "4": 0.9917661473673063,
        "5": 0.9917545636401262,
        "6": 0.9915568564168273,
        "7": 0.9917632732094344
      },
      "duration_s": 583.673211
    },
    {
      "number": 2,
      "state": "COMPLETE",
      "value": 0.9873284476133342,
      "params": {
        "backbone": "resnet50",
        "p_drop": 0.15579754426081674,
        "head_lr": 0.0005878491617603749,
        "disc_decay": 0.3099085529881075,
        "weight_decay": 8.168455894760161e-05,
        "label_smooth": 0.07851759613930137,
        "loss": "focal",
        "focal_gamma": 2.184829137724085
      },
      "intermediate": {
        "0": 0.9686477278823972,
        "1": 0.9813701441538236,
        "2": 0.9848621588722988,
        "3": 0.9862412320765773,
        "4": 0.9865438025143483,
        "5": 0.9864733420986439,
        "6": 0.9873284476133342,
        "7": 0.986955329664166
      },
      "duration_s": 919.755491
    },
    {
      "number": 3,
      "state": "COMPLETE",
      "value": 0.9864568810126513,
      "params": {
        "backbone": "resnet50",
        "p_drop": 0.16820964947491662,
        "head_lr": 0.00034847597967739357,
        "disc_decay": 0.48466566117599996,
        "weight_decay": 0.0008536189862866829,
        "label_smooth": 0.08083973481164612,
        "loss": "bce"
      },
      "intermediate": {
        "0": 0.9650634788249467,
        "1": 0.9805254901223033,
        "2": 0.9844865151480314,
        "3": 0.9853691429017359,
        "4": 0.9857035032674819,
        "5": 0.9864568810126513,
        "6": 0.986294360449358,
        "7": 0.9861447300486412
      },
      "duration_s": 918.938645
    },
    {
      "number": 4,
      "state": "COMPLETE",
      "value": 0.9882645521225918,
      "params": {
        "backbone": "efficientnet_b0",
        "p_drop": 0.14881529393791154,
        "head_lr": 0.0009382059110341113,
        "disc_decay": 0.21031655633456553,
        "weight_decay": 0.000658628931758311,
        "label_smooth": 0.02587799816000169,
        "loss": "bce"
      },
      "intermediate": {
        "0": 0.9601555494240188,
        "1": 0.9773107880906047,
        "2": 0.981325638254658,
        "3": 0.9836299290065588,
        "4": 0.9868734597126677,
        "5": 0.9882645521225918,
        "6": 0.9878011159396964,
        "7": 0.9876672498594276
      },
      "duration_s": 535.688956
    },
    {
      "number": 5,
      "state": "PRUNED",
      "value": 0.9799466521460727,
      "params": {
        "backbone": "resnet50",
        "p_drop": 0.17394178221021084,
        "head_lr": 0.0027970864055344422,
        "disc_decay": 0.43253984700833437,
        "weight_decay": 0.0007568292060167617,
        "label_smooth": 0.08948273504276488,
        "loss": "focal",
        "focal_gamma": 1.176985004103839
      },
      "intermediate": {
        "0": 0.9759432115178133,
        "1": 0.9804596457783323,
        "2": 0.9799466521460727
      },
      "duration_s": 345.891903
    },
    {
      "number": 6,
      "state": "PRUNED",
      "value": 0.9775252176869754,
      "params": {
        "backbone": "efficientnet_b0",
        "p_drop": 0.23013213230530574,
        "head_lr": 0.0007341732292197032,
        "disc_decay": 0.2814047095321688,
        "weight_decay": 0.00045443839603360173,
        "label_smooth": 0.035675332669358926,
        "loss": "focal",
        "focal_gamma": 1.2818484499495253
      },
      "intermediate": {
        "0": 0.9568404260581953,
        "1": 0.9765462620967208,
        "2": 0.9775252176869754
      },
      "duration_s": 202.169501
    },
    {
      "number": 7,
      "state": "COMPLETE",
      "value": 0.9921589489431111,
      "params": {
        "backbone": "efficientnet_b0",
        "p_drop": 0.4947547746402069,
        "head_lr": 0.001775685400639093,
        "disc_decay": 0.2596147044602517,
        "weight_decay": 1.0257563974185649e-05,
        "label_smooth": 0.08154614284548342,
        "loss": "focal",
        "focal_gamma": 2.5425406933718913
      },
      "intermediate": {
        "0": 0.9606411950086504,
        "1": 0.9770099595666955,
        "2": 0.9867250486516541,
        "3": 0.9886055317610123,
        "4": 0.9905806878887516,
        "5": 0.9916230491435707,
        "6": 0.9921589489431111,
        "7": 0.9920503406138366
      },
      "duration_s": 537.097641
    },
    {
      "number": 8,
      "state": "PRUNED",
      "value": 0.9819153631925239,
      "params": {
        "backbone": "resnet50",
        "p_drop": 0.1463476238100519,
        "head_lr": 0.0021888937469133466,
        "disc_decay": 0.38698943804826735,
        "weight_decay": 4.589824181495648e-05,
        "label_smooth": 0.006355835028602364,
        "loss": "focal",
        "focal_gamma": 2.459212356676128
      },
      "intermediate": {
        "0": 0.9738327086830225,
        "1": 0.9833946835395411,
        "2": 0.9819153631925239
      },
      "duration_s": 345.971474
    },
    {
      "number": 9,
      "state": "PRUNED",
      "value": 0.9831298255368752,
      "params": {
        "backbone": "resnet50",
        "p_drop": 0.28888597006477973,
        "head_lr": 0.00039510770655765316,
        "disc_decay": 0.4139734361668985,
        "weight_decay": 0.0003323304206226791,
        "label_smooth": 0.05612771975694963,
        "loss": "bce"
      },
      "intermediate": {
        "0": 0.9625731516726206,
        "1": 0.9792443124770502,