{
  "pipeline": "patch-ensemble",
  "created": "2026-06-19T21:57:04+00:00",
  "working_size": 224,
  "normalization": "imagenet",
  "dataset": {
    "in_distribution": "ai-real-images",
    "ood": "tiny-genimage"
  },
  "threshold_default": 0.5,
  "threshold_tuned": 0.287109375,
  "in_distribution": {
    "at_0.5": {
      "threshold": 0.5,
      "n": 11963,
      "n_fake": 5977,
      "n_real": 5986,
      "accuracy": 0.9680682103151383,
      "f1_macro": 0.9680560926297024,
      "precision": 0.9862680340691813,
      "recall": 0.9493056717416765,
      "auc_roc": 0.9962826512657581,
      "pr_auc": 0.9959817453440577,
      "mcc": 0.9367917377203748,
      "brier": 0.02292068551269873,
      "confusion_matrix": [
        [
          5907,
          79
        ],
        [
          303,
          5674
        ]
      ]
    },
    "at_tuned": {
      "threshold": 0.287109375,
      "n": 11963,
      "n_fake": 5977,
      "n_real": 5986,
      "accuracy": 0.9739195853882805,
      "f1_macro": 0.9739193082043074,
      "precision": 0.9701244813278008,
      "recall": 0.9779153421448887,
      "auc_roc": 0.9962826512657581,
      "pr_auc": 0.9959817453440577,
      "mcc": 0.9478699760682753,
      "brier": 0.02292068551269873,
      "confusion_matrix": [
        [
          5806,
          180
        ],
        [
          132,
          5845
        ]
      ]
    }
  },
  "ood": {
    "overall_accuracy": 0.6774958569061089,
    "per_generator": {
      "adm": {
        "accuracy": 0.675,
        "n": 5000
      },
      "biggan": {
        "accuracy": 0.5388,
        "n": 5000
      },
      "glide": {
        "accuracy": 0.6932,
        "n": 5000
      },
      "midjourney": {
        "accuracy": 0.7271454290858171,
        "n": 4999
      },
      "sdv5": {
        "accuracy": 0.7465493098619724,
        "n": 4999
      },
      "vqdm": {
        "accuracy": 0.6194,
        "n": 5000
      },
      "wukong": {
        "accuracy": 0.7424,
        "n": 5000
      }
    },
    "preview": true
  },
  "tuning": {
    "tuned": true,
    "search_space": {
      "backbone": {
        "type": "categorical",
        "choices": [
          "efficientnet_b0",
          "resnet50"
        ]
      },
      "K": {
        "type": "categorical",
        "choices": [
          2,
          4,
          6
        ]
      },
      "mil_hidden": {
        "type": "categorical",
        "choices": [
          64,
          128,
          256
        ]
      },
      "p_drop": {
        "type": "float",
        "low": 0.1,
        "high": 0.5
      },
      "lr": {
        "type": "loguniform",
        "low": 0.0001,
        "high": 0.001
      },
      "weight_decay": {
        "type": "loguniform",
        "low": 1e-05,
        "high": 0.001
      },
      "loss": {
        "type": "categorical",
        "choices": [
          "bce",
          "focal"
        ]
      }
    },
    "best_params": {
      "backbone": "efficientnet_b0",
      "K": 6,
      "mil_hidden": 256,
      "p_drop": 0.15579754426081674,
      "lr": 0.00019594972058679176,
      "weight_decay": 5.4041038546473305e-05,
      "loss": "focal",
      "focal_gamma": 1.3993475643167195
    }
  },
  "backbone": "efficientnet_b0",
  "patches_per_image": 6,
  "figures": {
    "training_curves": "figures/training_curves.png",
    "confusion": "figures/confusion.png",
    "roc_pr": "figures/roc_pr.png",
    "reliability": "figures/reliability.png",
    "ood_per_generator": "figures/ood_per_generator.png",
    "patch_attention": "figures/patch_attention.png"
  }
}