{
  "hidden": 1024,
  "n_layers": 3,
  "p_drop": 0.5435849383457132,
  "lr": 0.0012626052481662423,
  "weight_decay": 1.552829956607584e-05,
  "label_smooth": 0.0013897558179016695,
  "loss": "focal",
  "focal_gamma": 2.1548718110403824
}