{
  "pipeline": "clip-probe",
  "created": "2026-06-17T20:25:41+00:00",
  "encoder": "ViT-B-32/openai",
  "embedding_dim": 512,
  "normalization": "clip",
  "dataset": {
    "in_distribution": "ai-real-images",
    "ood": "tiny-genimage"
  },
  "threshold_default": 0.5,
  "threshold_tuned": 0.4921875,
  "in_distribution": {
    "at_0.5": {
      "threshold": 0.5,
      "n": 11963,
      "n_fake": 5977,
      "n_real": 5986,
      "accuracy": 0.9511828136754995,
      "f1_macro": 0.9511797349771577,
      "precision": 0.9577321337633679,
      "recall": 0.9439518152919525,
      "auc_roc": 0.9902847316316288,
      "pr_auc": 0.9907580061407633,
      "mcc": 0.9024577997423093,
      "brier": 0.03785440874349799,
      "confusion_matrix": [
        [
          5737,
          249
        ],
        [
          335,
          5642
        ]
      ]
    },
    "at_tuned": {
      "threshold": 0.4921875,
      "n": 11963,
      "n_fake": 5977,
      "n_real": 5986,
      "accuracy": 0.9514335868929198,
      "f1_macro": 0.9514315221618522,
      "precision": 0.956668923493568,
      "recall": 0.9456248954324912,
      "auc_roc": 0.9902847316316288,
      "pr_auc": 0.9907580061407633,
      "mcc": 0.9029263548526194,
      "brier": 0.03785440874349799,
      "confusion_matrix": [
        [
          5730,
          256
        ],
        [
          325,
          5652
        ]
      ]
    }
  },
  "ood": {
    "overall_accuracy": 0.5773472769872564,
    "per_generator": {
      "adm": {
        "accuracy": 0.6502,
        "n": 5000
      },
      "biggan": {
        "accuracy": 0.4738,
        "n": 5000
      },
      "glide": {
        "accuracy": 0.5476,
        "n": 5000
      },
      "midjourney": {
        "accuracy": 0.6893378675735147,
        "n": 4999
      },
      "sdv5": {
        "accuracy": 0.6135227045409082,
        "n": 4999
      },
      "vqdm": {
        "accuracy": 0.4284,
        "n": 5000
      },
      "wukong": {
        "accuracy": 0.6386,
        "n": 5000
      }
    },
    "preview": true
  },
  "train_history": {
    "epochs": 48,
    "best_epoch": 47,
    "best_val_auc": 0.9892881007077047
  },
  "figures": {
    "training_curves": "figures/training_curves.png",
    "confusion": "figures/confusion.png",
    "roc_pr": "figures/roc_pr.png",
    "reliability": "figures/reliability.png",
    "ood_per_generator": "figures/ood_per_generator.png",
    "tsne": "figures/tsne_embeddings.png"
  }
}