{
  "pipeline": "clip-probe",
  "created": "2026-06-19T06:25:30+00:00",
  "working_size": 224,
  "normalization": "clip",
  "dataset": {
    "in_distribution": "ai-real-images",
    "ood": "tiny-genimage"
  },
  "threshold_default": 0.5,
  "threshold_tuned": 0.5625,
  "in_distribution": {
    "at_0.5": {
      "threshold": 0.5,
      "n": 11963,
      "n_fake": 5977,
      "n_real": 5986,
      "accuracy": 0.9592075566329517,
      "f1_macro": 0.9592072462265293,
      "precision": 0.9610280530824794,
      "recall": 0.9571691484022085,
      "auc_roc": 0.9930242256749773,
      "pr_auc": 0.9931959784128201,
      "mcc": 0.9184222137977686,
      "brier": 0.03180045934441076,
      "confusion_matrix": [
        [
          5754,
          232
        ],
        [
          256,
          5721
        ]
      ]
    },
    "at_tuned": {
      "threshold": 0.5625,
      "n": 11963,
      "n_fake": 5977,
      "n_real": 5986,
      "accuracy": 0.9577865084009027,
      "f1_macro": 0.9577795118421316,
      "precision": 0.9691358024691358,
      "recall": 0.9456248954324912,
      "auc_roc": 0.9930242256749773,
      "pr_auc": 0.9931959784128201,
      "mcc": 0.9158405739646404,
      "brier": 0.03180045934441076,
      "confusion_matrix": [
        [
          5806,
          180
        ],
        [
          325,
          5652
        ]
      ]
    }
  },
  "ood": {
    "overall_accuracy": 0.5836619235384879,
    "per_generator": {
      "adm": {
        "accuracy": 0.654,
        "n": 5000
      },
      "biggan": {
        "accuracy": 0.4592,
        "n": 5000
      },
      "glide": {
        "accuracy": 0.5438,
        "n": 5000
      },
      "midjourney": {
        "accuracy": 0.6993398679735947,
        "n": 4999
      },
      "sdv5": {
        "accuracy": 0.6327265453090618,
        "n": 4999
      },
      "vqdm": {
        "accuracy": 0.4386,
        "n": 5000
      },
      "wukong": {
        "accuracy": 0.658,
        "n": 5000
      }
    },
    "preview": true
  },
  "tuning": {
    "tuned": true,
    "search_space": {
      "hidden": {
        "type": "categorical",
        "choices": [
          128,
          256,
          512,
          1024
        ]
      },
      "n_layers": {
        "type": "int",
        "low": 1,
        "high": 3
      },
      "p_drop": {
        "type": "float",
        "low": 0.1,
        "high": 0.6
      },
      "lr": {
        "type": "loguniform",
        "low": 0.0003,
        "high": 0.003
      },
      "weight_decay": {
        "type": "loguniform",
        "low": 1e-05,
        "high": 0.001
      },
      "label_smooth": {
        "type": "float",
        "low": 0.0,
        "high": 0.1
      },
      "loss": {
        "type": "categorical",
        "choices": [
          "bce",
          "focal"
        ]
      }
    },
    "n_trials": 80,
    "best_val_auc": 0.9939943164834522,
    "best_params": {
      "hidden": 1024,
      "n_layers": 3,
      "p_drop": 0.5435849383457132,
      "lr": 0.0012626052481662423,
      "weight_decay": 1.552829956607584e-05,
      "label_smooth": 0.0013897558179016695,
      "loss": "focal",
      "focal_gamma": 2.1548718110403824
    }
  },
  "encoder": "ViT-B-32/openai",
  "embedding_dim": 512,
  "figures": {
    "training_curves": "figures/training_curves.png",
    "confusion": "figures/confusion.png",
    "roc_pr": "figures/roc_pr.png",
    "reliability": "figures/reliability.png",
    "ood_per_generator": "figures/ood_per_generator.png",
    "tsne_embeddings": "figures/tsne_embeddings.png"
  }
}