{
  "pipeline": "cnn-scratch",
  "created": "2026-06-19T23:02:13+00:00",
  "working_size": 128,
  "normalization": "dataset",
  "dataset": {
    "in_distribution": "ai-real-images",
    "ood": "tiny-genimage"
  },
  "threshold_default": 0.5,
  "threshold_tuned": 0.490234375,
  "in_distribution": {
    "at_0.5": {
      "threshold": 0.5,
      "n": 11963,
      "n_fake": 5977,
      "n_real": 5986,
      "accuracy": 0.901111761263897,
      "f1_macro": 0.9010852095125274,
      "precision": 0.9139896373056995,
      "recall": 0.8853940103730968,
      "auc_roc": 0.9647532659580851,
      "pr_auc": 0.9664193277471601,
      "mcc": 0.8026111012117239,
      "brier": 0.07350084475412809,
      "confusion_matrix": [
        [
          5488,
          498
        ],
        [
          685,
          5292
        ]
      ]
    },
    "at_tuned": {
      "threshold": 0.490234375,
      "n": 11963,
      "n_fake": 5977,
      "n_real": 5986,
      "accuracy": 0.9014461255537909,
      "f1_macro": 0.9014284931649189,
      "precision": 0.9117748026089941,
      "recall": 0.8887401706541743,
      "auc_roc": 0.9647532659580851,
      "pr_auc": 0.9664193277471601,
      "mcc": 0.8031443627322109,
      "brier": 0.07350084475412809,
      "confusion_matrix": [
        [
          5472,
          514
        ],
        [
          665,
          5312
        ]
      ]
    }
  },
  "ood": {
    "overall_accuracy": 0.5488313617921025,
    "per_generator": {
      "adm": {
        "accuracy": 0.5348,
        "n": 5000
      },
      "biggan": {
        "accuracy": 0.4844,
        "n": 5000
      },
      "glide": {
        "accuracy": 0.5672,
        "n": 5000
      },
      "midjourney": {
        "accuracy": 0.6625325065013002,
        "n": 4999
      },
      "sdv5": {
        "accuracy": 0.5573114622924585,
        "n": 4999
      },
      "vqdm": {
        "accuracy": 0.4012,
        "n": 5000
      },
      "wukong": {
        "accuracy": 0.6344,
        "n": 5000
      }
    },
    "preview": true
  },
  "train_history": {
    "epochs": 30,
    "best_epoch": 30,
    "best_val_auc": 0.9594019103917704
  },
  "figures": {
    "training_curves": "figures/training_curves.png",
    "confusion": "figures/confusion.png",
    "roc_pr": "figures/roc_pr.png",
    "reliability": "figures/reliability.png",
    "ood_per_generator": "figures/ood_per_generator.png",
    "gradcam": "figures/gradcam.png"
  }
}