{
  "study": "dire-recon",
  "direction": "maximize",
  "metric": "val_auc",
  "sampler": "TPESampler",
  "pruner": "MedianPruner",
  "n_trials": 20,
  "n_complete": 9,
  "n_pruned": 11,
  "best_trial": 14,
  "best_value": 0.944115625,
  "best_params": {
    "backbone": "efficientnet_b0",
    "p_drop": 0.2970702945812612,
    "lr": 0.000619428307410396,
    "weight_decay": 1.0139434690021975e-05,
    "label_smooth": 0.009414835630156285,
    "loss": "bce"
  },
  "search_space": {
    "backbone": {
      "type": "categorical",
      "choices": [
        "efficientnet_b0",
        "resnet50"
      ]
    },
    "p_drop": {
      "type": "float",
      "low": 0.1,
      "high": 0.5
    },
    "lr": {
      "type": "loguniform",
      "low": 0.0001,
      "high": 0.001
    },
    "weight_decay": {
      "type": "loguniform",
      "low": 1e-05,
      "high": 0.001
    },
    "label_smooth": {
      "type": "float",
      "low": 0.0,
      "high": 0.1
    },
    "loss": {
      "type": "categorical",
      "choices": [
        "bce",
        "focal"
      ]
    }
  },
  "trials": [
    {
      "number": 0,
      "state": "COMPLETE",
      "value": 0.9334062499999999,
      "params": {
        "backbone": "resnet50",
        "p_drop": 0.39279757672456206,
        "lr": 0.00039687933304443713,
        "weight_decay": 2.0513382630874486e-05,
        "label_smooth": 0.015599452033620266,
        "loss": "focal",
        "focal_gamma": 2.2022300234864174
      },
      "intermediate": {
        "0": 0.86200625,
        "1": 0.899553125,
        "2": 0.916928125,
        "3": 0.924128125,
        "4": 0.928228125,
        "5": 0.9317718750000001,
        "6": 0.932296875,
        "7": 0.9334062499999999
      },
      "duration_s": 117.335519
    },
    {
      "number": 1,
      "state": "COMPLETE",
      "value": 0.92998125,
      "params": {
        "backbone": "efficientnet_b0",
        "p_drop": 0.4879639408647978,
        "lr": 0.0006798962421591129,
        "weight_decay": 2.6587543983272695e-05,
        "label_smooth": 0.018182496720710064,
        "loss": "focal",
        "focal_gamma": 2.049512863264476
      },
      "intermediate": {
        "0": 0.8875375000000001,
        "1": 0.8806656250000001,
        "2": 0.899146875,
        "3": 0.91073125,
        "4": 0.9254781250000002,
        "5": 0.926496875,
        "6": 0.9298875,
        "7": 0.92998125
      },
      "duration_s": 106.233309
    },
    {
      "number": 2,
      "state": "COMPLETE",
      "value": 0.91731875,
      "params": {
        "backbone": "efficientnet_b0",
        "p_drop": 0.34474115788895177,
        "lr": 0.00013787764619353784,
        "weight_decay": 3.8396292998041685e-05,
        "label_smooth": 0.03663618432936917,
        "loss": "focal",
        "focal_gamma": 1.3993475643167195
      },
      "intermediate": {
        "0": 0.8527656250000001,
        "1": 0.8984531250000001,
        "2": 0.896478125,
        "3": 0.9047031249999999,
        "4": 0.9132187500000001,
        "5": 0.91731875,
        "6": 0.916925,
        "7": 0.917290625
      },
      "duration_s": 73.72525
    },
    {
      "number": 3,
      "state": "COMPLETE",
      "value": 0.9305500000000001,
      "params": {
        "backbone": "resnet50",
        "p_drop": 0.1185801650879991,
        "lr": 0.0004050837781329676,
        "weight_decay": 2.1930485556643678e-05,
        "label_smooth": 0.006505159298527952,
        "loss": "focal",
        "focal_gamma": 2.6167946962329225
      },
      "intermediate": {
        "0": 0.8807624999999999,
        "1": 0.8906624999999999,
        "2": 0.9199312500000001,
        "3": 0.919884375,
        "4": 0.92774375,
        "5": 0.9304749999999999,
        "6": 0.9258437500000001,
        "7": 0.9305500000000001
      },
      "duration_s": 112.62109
    },
    {
      "number": 4,
      "state": "COMPLETE",
      "value": 0.9240000000000002,
      "params": {
        "backbone": "efficientnet_b0",
        "p_drop": 0.3736932106048628,
        "lr": 0.00027551959649510803,
        "weight_decay": 1.7541893487450798e-05,
        "label_smooth": 0.04951769101112702,
        "loss": "focal",
        "focal_gamma": 1.5175599632000338
      },
      "intermediate": {
        "0": 0.8543999999999999,
        "1": 0.8872,
        "2": 0.8980500000000001,
        "3": 0.905915625,
        "4": 0.9231812500000001,
        "5": 0.9212781250000001,
        "6": 0.921921875,
        "7": 0.9240000000000002
      },
      "duration_s": 73.762885
    },
    {
      "number": 5,
      "state": "PRUNED",
      "value": 0.92061875,
      "params": {
        "backbone": "efficientnet_b0",
        "p_drop": 0.3080272084711243,
        "lr": 0.0003521358805467869,
        "weight_decay": 2.3426581058204037e-05,
        "label_smooth": 0.09695846277645587,
        "loss": "focal",
        "focal_gamma": 2.789654700855298
      },
      "intermediate": {
        "0": 0.86671875,
        "1": 0.8895375000000001,
        "2": 0.9163375,
        "3": 0.9057062499999999,
        "4": 0.92061875
      },
      "duration_s": 46.222164
    },
    {
      "number": 6,
      "state": "PRUNED",
      "value": 0.9199250000000001,
      "params": {
        "backbone": "resnet50",
        "p_drop": 0.1353970008207678,
        "lr": 0.0001570300837880671,
        "weight_decay": 1.2315571723666024e-05,
        "label_smooth": 0.032533033076326434,
        "loss": "bce"
      },
      "intermediate": {
        "0": 0.8197812499999999,
        "1": 0.868471875,
        "2": 0.9000124999999999,
        "3": 0.9149875000000001,
        "4": 0.9199250000000001
      },
      "duration_s": 70.620797
    },
    {
      "number": 7,
      "state": "COMPLETE",
      "value": 0.9400125000000001,
      "params": {
        "backbone": "efficientnet_b0",
        "p_drop": 0.2123738038749523,
        "lr": 0.0003488960745139223,
        "weight_decay": 1.913588048769229e-05,
        "label_smooth": 0.08021969807540397,
        "loss": "focal",
        "focal_gamma": 2.544489538593315
      },
      "intermediate": {
        "0": 0.8618843750000001,
        "1": 0.90638125,
        "2": 0.8924218749999999,
        "3": 0.921059375,
        "4": 0.9305656249999998,
        "5": 0.9342562500000001,
        "6": 0.939021875,
        "7": 0.9400125000000001
      },
      "duration_s": 73.809042
    },
    {
      "number": 8,
      "state": "PRUNED",
      "value": 0.923171875,
      "params": {
        "backbone": "efficientnet_b0",
        "p_drop": 0.42618457138193366,
        "lr": 0.0005091635945818553,
        "weight_decay": 0.0002870875348195468,
        "label_smooth": 0.07712703466859458,
        "loss": "focal",
        "focal_gamma": 1.2317381190502594
      },
      "intermediate": {
        "0": 0.8677750000000001,
        "1": 0.9196156249999999,
        "2": 0.901546875,
        "3": 0.917375,
        "4": 0.923171875
      },
      "duration_s": 46.16777
    },
    {
      "number": 9,
      "state": "PRUNED",
      "value": 0.8906375,
      "params": {
        "backbone": "efficientnet_b0",
        "p_drop": 0.23235920994105969,
        "lr": 0.00011575995526672774,
        "weight_decay": 4.187594718900626e-05,
        "label_smooth": 0.03251833220267471,
        "loss": "bce"
      },
      "intermediate": {
        "0": 0.8477593750000001,
        "1": 0.871846875,
        "2": 0.8906375
      },
      "duration_s": 27.915345
    },
    {
      "number": 10,
      "state": "PRUNED",
      "value": 0.895675,
      "params": {
        "backbone": "resnet50",
        "p_drop": 0.2417595730858763,
        "lr": 0.0009322601292624811,
        "weight_decay": 0.00012764937047792495,
        "label_smooth": 0.07356008592996796,
        "loss": "bce"
      },
      "intermediate": {
        "0": 0.8272999999999999,
        "1": 0.884659375,
        "2": 0.895675
      },
      "duration_s": 42.580009
    },
    {
      "number": 11,
      "state": "COMPLETE",
      "value": 0.93038125,