{
  "r": 32,
  "lora_alpha": 32,
  "lora_dropout": 0.027898772130408367,
  "p_drop": 0.08764339456056544,
  "lr": 0.0006011321832885781,
  "weight_decay": 8.168455894760161e-05,
  "label_smooth": 0.07851759613930137,
  "loss": "focal",
  "focal_gamma": 2.184829137724085
}