{
  "pipeline": "vit-lora",
  "created": "2026-06-17T20:15:32+00:00",
  "working_size": 224,
  "normalization": "imagenet",
  "dataset": {
    "in_distribution": "ai-real-images",
    "ood": "tiny-genimage"
  },
  "threshold_default": 0.5,
  "threshold_tuned": 0.625,
  "in_distribution": {
    "at_0.5": {
      "threshold": 0.5,
      "n": 11963,
      "n_fake": 5977,
      "n_real": 5986,
      "accuracy": 0.9730000835910725,
      "f1_macro": 0.9730000767992735,
      "precision": 0.9717957276368492,
      "recall": 0.9742345658357036,
      "auc_roc": 0.9945711679826684,
      "pr_auc": 0.9926564088035563,
      "mcc": 0.9460032130677162,
      "brier": 0.021928238993772026,
      "confusion_matrix": [
        [
          5817,
          169
        ],
        [
          154,
          5823
        ]
      ]
    },
    "at_tuned": {
      "threshold": 0.625,
      "n": 11963,
      "n_fake": 5977,
      "n_real": 5986,
      "accuracy": 0.9727493103736521,
      "f1_macro": 0.9727491502351213,
      "precision": 0.97431593083767,
      "recall": 0.9710557135686799,
      "auc_roc": 0.9945711679826684,
      "pr_auc": 0.9926564088035563,
      "mcc": 0.9455037381908331,
      "brier": 0.021928238993772026,
      "confusion_matrix": [
        [
          5833,
          153
        ],
        [
          173,
          5804
        ]
      ]
    }
  },
  "ood": {
    "overall_accuracy": 0.5996914109377679,
    "per_generator": {
      "adm": {
        "accuracy": 0.7434,
        "n": 5000
      },
      "biggan": {
        "accuracy": 0.435,
        "n": 5000
      },
      "glide": {
        "accuracy": 0.5304,
        "n": 5000
      },
      "midjourney": {
        "accuracy": 0.7943588717743548,
        "n": 4999
      },
      "sdv5": {
        "accuracy": 0.6225245049009802,
        "n": 4999
      },
      "vqdm": {
        "accuracy": 0.4104,
        "n": 5000
      },
      "wukong": {
        "accuracy": 0.6618,
        "n": 5000
      }
    },
    "preview": true
  },
  "train_history": {
    "epochs": 12,
    "best_epoch": 8,
    "best_val_auc": 0.9945700190147316
  },
  "figures": {
    "training_curves": "figures/training_curves.png",
    "confusion": "figures/confusion.png",
    "roc_pr": "figures/roc_pr.png",
    "reliability": "figures/reliability.png",
    "ood_per_generator": "figures/ood_per_generator.png",
    "attention_rollout": "figures/attention_rollout.png"
  }
}