{
  "study": "vit-lora",
  "direction": "maximize",
  "metric": "val_auc",
  "sampler": "TPESampler",
  "pruner": "MedianPruner",
  "n_trials": 12,
  "n_complete": 6,
  "n_pruned": 6,
  "best_trial": 1,
  "best_value": 0.9965909003813397,
  "best_params": {
    "r": 32,
    "lora_alpha": 32,
    "lora_dropout": 0.027898772130408367,
    "p_drop": 0.08764339456056544,
    "lr": 0.0006011321832885781,
    "weight_decay": 8.168455894760161e-05,
    "label_smooth": 0.07851759613930137,
    "loss": "focal",
    "focal_gamma": 2.184829137724085
  },
  "search_space": {
    "r": {
      "type": "categorical",
      "choices": [
        4,
        8,
        16,
        32
      ]
    },
    "lora_alpha": {
      "type": "categorical",
      "choices": [
        8,
        16,
        32
      ]
    },
    "lora_dropout": {
      "type": "float",
      "low": 0.0,
      "high": 0.2
    },
    "p_drop": {
      "type": "float",
      "low": 0.0,
      "high": 0.3
    },
    "lr": {
      "type": "loguniform",
      "low": 0.0003,
      "high": 0.002
    },
    "weight_decay": {
      "type": "loguniform",
      "low": 1e-05,
      "high": 0.001
    },
    "label_smooth": {
      "type": "float",
      "low": 0.0,
      "high": 0.1
    },
    "loss": {
      "type": "categorical",
      "choices": [
        "bce",
        "focal"
      ]
    }
  },
  "trials": [
    {
      "number": 0,
      "state": "COMPLETE",
      "value": 0.9951551278808642,
      "params": {
        "r": 8,
        "lora_alpha": 8,
        "lora_dropout": 0.17323522915498704,
        "p_drop": 0.18033450352296262,
        "lr": 0.0011494985844370338,
        "weight_decay": 1.0994335574766187e-05,
        "label_smooth": 0.09699098521619944,
        "loss": "bce"
      },
      "intermediate": {
        "0": 0.9810461481755542,
        "1": 0.9849049228576027,
        "2": 0.9911600484391407,
        "3": 0.9951551278808642,
        "4": 0.9936290371466615,
        "5": 0.9947664198026342
      },
      "duration_s": 1463.616695
    },
    {
      "number": 1,
      "state": "COMPLETE",
      "value": 0.9965909003813397,
      "params": {
        "r": 32,
        "lora_alpha": 32,
        "lora_dropout": 0.027898772130408367,
        "p_drop": 0.08764339456056544,
        "lr": 0.0006011321832885781,
        "weight_decay": 8.168455894760161e-05,
        "label_smooth": 0.07851759613930137,
        "loss": "focal",
        "focal_gamma": 2.184829137724085
      },
      "intermediate": {
        "0": 0.9831920118617367,
        "1": 0.9909685250100508,
        "2": 0.9939607846416151,
        "3": 0.9960448103857086,
        "4": 0.9965038917839497,
        "5": 0.9965909003813397
      },
      "duration_s": 1434.440471
    },
    {
      "number": 2,
      "state": "COMPLETE",
      "value": 0.9964374377701274,
      "params": {
        "r": 8,
        "lora_alpha": 16,
        "lora_dropout": 0.06092275383467414,
        "p_drop": 0.029301634201915158,
        "lr": 0.0010986688873050883,
        "weight_decay": 7.591104805282687e-05,
        "label_smooth": 0.012203823484477884,
        "loss": "bce"
      },
      "intermediate": {
        "0": 0.9897301113501017,
        "1": 0.9923822623001763,
        "2": 0.992612282025609,
        "3": 0.9940456158466782,
        "4": 0.9964374377701274,
        "5": 0.9961573380211719
      },
      "duration_s": 1431.970676
    },
    {
      "number": 3,
      "state": "COMPLETE",
      "value": 0.9694868077895601,
      "params": {
        "r": 4,
        "lora_alpha": 16,
        "lora_dropout": 0.19391692555291173,
        "p_drop": 0.23253984700833435,
        "lr": 0.0017831285136673102,
        "weight_decay": 0.0006161049539380963,
        "label_smooth": 0.05978999788110852,
        "loss": "bce"
      },
      "intermediate": {
        "0": 0.9694868077895601,
        "1": 0.8032274005837501,
        "2": 0.9094484369110154,
        "3": 0.9440743748445342,
        "4": 0.9531774424941978,
        "5": 0.9557881358943647
      },
      "duration_s": 1435.040341
    },
    {
      "number": 4,
      "state": "COMPLETE",
      "value": 0.9960370588690239,
      "params": {
        "r": 32,
        "lora_alpha": 16,
        "lora_dropout": 0.05618690193747616,
        "p_drop": 0.16280882494747453,
        "lr": 0.00039194935625230315,
        "weight_decay": 0.0004021554526690286,
        "label_smooth": 0.007455064367977083,
        "loss": "bce"
      },
      "intermediate": {
        "0": 0.9871823881360338,
        "1": 0.9936772881606295,
        "2": 0.995098341488974,
        "3": 0.9958216712200295,
        "4": 0.9960370588690239,
        "5": 0.9955579454613738
      },
      "duration_s": 1432.432115
    },
    {
      "number": 5,
      "state": "PRUNED",
      "value": 0.9947896743526874,
      "params": {
        "r": 16,
        "lora_alpha": 16,
        "lora_dropout": 0.07169314570885453,
        "p_drop": 0.03476071785753891,
        "lr": 0.0015425516393354096,
        "weight_decay": 0.00017643967683381525,
        "label_smooth": 0.03308980248526492,
        "loss": "focal",
        "focal_gamma": 1.650366644053494
      },
      "intermediate": {
        "0": 0.9819647464505021,
        "1": 0.9889495597486906,
        "2": 0.9939310850102737,
        "3": 0.9947896743526874
      },
      "duration_s": 956.010327
    },
    {
      "number": 6,
      "state": "COMPLETE",
      "value": 0.996322906933723,
      "params": {
        "r": 16,
        "lora_alpha": 32,
        "lora_dropout": 0.11225543951389926,
        "p_drop": 0.2312901539863683,
        "lr": 0.0007655327287871141,
        "weight_decay": 0.00011103647313054615,
        "label_smooth": 0.042754101835854964,
        "loss": "focal",
        "focal_gamma": 1.0628583713734685
      },
      "intermediate": {
        "0": 0.9874730264638522,
        "1": 0.9936717140362722,
        "2": 0.9939175851778459,
        "3": 0.9958039036986406,
        "4": 0.9963160263739693,
        "5": 0.996322906933723
      },
      "duration_s": 1432.135715
    },
    {
      "number": 7,
      "state": "PRUNED",
      "value": 0.9922530993873341,
      "params": {
        "r": 32,
        "lora_alpha": 32,
        "lora_dropout": 0.045759633098324495,
        "p_drop": 0.023093972948637898,
        "lr": 0.0005198164386340911,
        "weight_decay": 2.101079931010355e-05,
        "label_smooth": 0.09296976523425732,
        "loss": "bce"
      },
      "intermediate": {
        "0": 0.9836285354754692,
        "1": 0.9879465657471451,
        "2": 0.9922530993873341
      },
      "duration_s": 716.877423
    },
    {
      "number": 8,
      "state": "PRUNED",
      "value": 0.992843782377824,
      "params": {
        "r": 32,
        "lora_alpha": 32,
        "lora_dropout": 0.06360069499437278,
        "p_drop": 0.033015577358303023,
        "lr": 0.0004622948203174413,
        "weight_decay": 7.148510793512978e-05,
        "label_smooth": 0.08180147659224932,
        "loss": "bce"
      },
      "intermediate": {
        "0": 0.9859731515332674,
        "1": 0.9911540388363179,
        "2": 0.992843782377824
      },
      "duration_s": 717.251706
    },
    {
      "number": 9,
      "state": "PRUNED",
      "value": 0.9954644046870025,
      "params": {
        "r": 4,
        "lora_alpha": 16,
        "lora_dropout": 0.10375812434867322,
        "p_drop": 0.21090568766855336,
        "lr": 0.0005980243429677649,
        "weight_decay": 0.0008781408196485975,
        "label_smooth": 0.09624472949421113,
        "loss": "focal",
        "focal_gamma": 1.6017566196335393
      },
      "intermediate": {
        "0": 0.9757049177015376,
        "1": 0.9887181464921687,
        "2": 0.9944554881783274,
        "3": 0.9954644046870025
      },
      "duration_s": 957.666848
    },
    {
      "number": 10,
      "state": "PRUNED",
      "value": 0.9897621625651564,
      "params": {
        "r": 32,
        "lora_alpha": 8,